coordinates,created_at,hashtags,media,urls,favorite_count,id,in_reply_to_screen_name,in_reply_to_status_id,in_reply_to_user_id,lang,place,possibly_sensitive,quote_id,retweet_count,retweet_id,retweet_screen_name,source,text,tweet_url,user_created_at,user_id,user_default_profile_image,user_description,user_favourites_count,user_followers_count,user_friends_count,user_listed_count,user_location,user_name,user_screen_name,user_statuses_count,user_time_zone,user_urls,user_verified
,Mon Nov 09 12:16:47 +0000 2020,Pfizer vaccine Pharma,,https://twitter.com/pfizer/status/1325767629890592771,0,1325774333504073728,,,,en,,false,1325767629890592771,0,,,"<a href=""http://twitter.com/download/android"" rel=""nofollow"">Twitter for Android</a>",Great job by the #Pfizer #vaccine scientists who look to have come up with a viable candidate. Fingers crossed that they hit their long-term efficacy endpoints(s) and the safety outcomes don't put the kibosh on it. #Pharma https://t.co/94b0EErqsp,https://twitter.com/NJTrainDelays/status/1325774333504073728,Wed Mar 26 18:32:36 +0000 2014,2412988891,false,"WFH for as long as I can.
 #NJTransit still sucks. I was on QVC once and did hand modeling for an Rx incontinence product (not at the same time).",163340,3011,3859,90,Trapped on #NJTransit ,NJTrainDelays wishes you a Happy Hanukkah,NJTrainDelays,130949,,https://m.youtube.com/watch?feature=youtu.be&v=dQw4w9WgXcQ,false
,Tue Nov 10 03:04:07 +0000 2020,,,https://twitter.com/RickSacrop/status/1306750049603420160,0,1325997637640876032,,,,en,,false,1306750049603420160,0,,,"<a href=""https://mobile.twitter.com"" rel=""nofollow"">Twitter Web App</a>",Bother is Profs.of different sections who tell public all about Stats re coronavirus how its dealt with.Their boring of little interest.I am not criticising just to do it. It is facts people will understand.Rushed vaccines aren‚Äôt answer. Scientists know it but will they admit it. https://t.co/c4kq10ZENn,https://twitter.com/James82224273/status/1325997637640876032,Tue Jan 08 01:08:23 +0000 2019,1082443865657880576,true,"Ret. Detective,decorated twice, lost granddaughter 2018 can‚Äôt stand SNP, want them out power, football fan Rangers&Motherwell Scotland remains U.K.forever.",129623,2742,2793,8,"Lanarkshire ,Scotland",James,James82224273,213765,,,false
,Mon Nov 09 20:07:20 +0000 2020,,,https://twitter.com/Reuters/status/1325891036212768768,0,1325892752467488770,,,,en,,false,1325891036212768768,0,,,"<a href=""http://twitter.com/#!/download/ipad"" rel=""nofollow"">Twitter for iPad</a>","They say the vaccine will be tested on animals, then I won‚Äôt take it.   Never, leave animals alone. Test it on humans they are the ones who have the COVID-19 https://t.co/7m4hL4JSm3",https://twitter.com/thereselawlor4/status/1325892752467488770,Sat Nov 07 03:52:02 +0000 2020,1324922462031765504,true,I love animals and people who loves animals. that‚Äôs it . j‚Äôaime les animaux et les gens qui aiment les animaux. üá®üá¶ N.B. acadienne,24371,165,289,0,Montreal Canada ,t. lawlor,thereselawlor4,16350,,,false
,Mon Nov 09 20:19:25 +0000 2020,,,https://twitter.com/Reuters/status/1325891036212768768,0,1325895792054427648,,,,en,,false,1325891036212768768,0,,,"<a href=""http://twitter.com/download/iphone"" rel=""nofollow"">Twitter for iPhone</a>","I don‚Äôt care who tf you voted for. If this goes through the proper scientific/medical procedures, like every other vaccine we take, and is backed by science and scientists don‚Äôt fight it. We all should be happy with this news. https://t.co/ZCo9kyZ1Df",https://twitter.com/_SARAHCURTISS_/status/1325895792054427648,Mon Oct 27 21:53:29 +0000 2014,2847366520,false,Rowan '21üíõ  VIII.XXI.MMXVIII‚ù§Ô∏è she/they,350,146,186,0,,Sarah,_SARAHCURTISS_,473,,,false
,Thu Nov 19 00:10:06 +0000 2020,,,https://twitter.com/nprpolitics/status/1329206524179312648,0,1329215336344809472,,,,en,,false,1329206524179312648,0,,,"<a href=""https://mobile.twitter.com"" rel=""nofollow"">Twitter Web App</a>","This is the vaccine that's so unstable that it has to be kept at super sub-zero temperatures, right?  If the dissemination of the vaccine is supervised by any Trump admin functionaries, thanks but no thanks, I'll wait for the Moderna vaccine. https://t.co/MUBBODsm9E",https://twitter.com/KaJo503/status/1329215336344809472,Sun Jun 07 01:09:39 +0000 2009,45253942,false,"Born during WWII, that should tell you a lot...",42032,980,390,48,Upper Left Coast,Karen J,KaJo503,158038,,,false
,Wed Nov 18 23:37:29 +0000 2020,,,,2,1329207129752866819,,,,en,,,,0,,,"<a href=""https://mobile.twitter.com"" rel=""nofollow"">Twitter Web App</a>","Worried about hypothetical long-term effects of a vaccine? You know what has real long-term effects, including death? COVID-19",https://twitter.com/chloeblanchard/status/1329207129752866819,Thu Jun 25 00:15:18 +0000 2009,50491468,false,People nerd. Empathy addict.,7459,184,475,12,Canada,Chloe Blanchard,chloeblanchard,6054,,,false
,Wed Nov 18 13:30:42 +0000 2020,,,https://nyti.ms/36PmJai,35,1329054427685249027,,,,en,,false,,5,,,"<a href=""http://www.socialflow.com"" rel=""nofollow"">SocialFlow</a>","""It's pretty amazing,"" one immunologist said. Pfizer and BioNTech reported that their coronavirus vaccine is 95 percent effective. https://t.co/bpdOMN4DzS",https://twitter.com/NYTScience/status/1329054427685249027,Sun Mar 18 19:32:05 +0000 2007,1435461,false,"Science, Medicine, Environment, Space & Astronomy. Sign up for the Science Times email, in your inbox every Tuesday: https://t.co/kpdN2C1hDy",4536,1181964,464,18155,"New York, NY",NYT Science,NYTScience,107585,,http://www.nytimes.com/science,true
,Thu Dec 03 11:49:42 +0000 2020,,,https://twitter.com/CNN/status/1334429942927470594,0,1334464827666870272,,,,en,"New York, USA",false,1334429942927470594,0,,,"<a href=""http://twitter.com/download/android"" rel=""nofollow"">Twitter for Android</a>",They'll not get the same vaccine as everyone else. https://t.co/euodxe9lrP,https://twitter.com/Eramos503/status/1334464827666870272,Fri Mar 18 02:50:18 +0000 2011,268069944,false,"‚ÄîPUNY THEOLOGY PRODUCES PUNY DOXOLOGY--



üá∏üáª üá∫üá∏

 El Caf√© Negro & Dulce Por Favor.",43620,266,67,4,"New York, USA",Enmanuel Ramos,Eramos503,22860,,http://gty.org,false
,Mon Dec 07 22:36:37 +0000 2020,COVID19 SARSCoV2 coronavirus vaccine pandemic,,https://twitter.com/NPR/status/1336002361429463040,0,1336077180095377408,,,,en,,false,1336002361429463040,0,,,"<a href=""http://twitter.com/download/android"" rel=""nofollow"">Twitter for Android</a>","South Korea has been a leader in mitigating #COVID19 #SARSCoV2 #coronavirus spread. But as with any virus, without the elimination threshold, you are always a few weeks away from trouble. The ABCs of prevention and the #vaccine need to go hand in hand to beat this #pandemic. https://t.co/g0OByFs1jS",https://twitter.com/JATetro/status/1336077180095377408,Mon Apr 06 19:13:41 +0000 2009,29270273,false,Host of 2X award winning Super Awesome Science Show on @curiouscast. 30yrs micro/immuno research. Wrote The Germ Code & The Germ Files. Answering #COVID19 Qs.,19887,11896,7198,464,Canada,Jason ùëªùíâùíÜ ùëÆùíÜùíìùíé ùëÆùíñùíö Tetro,JATetro,92330,,http://jasontetro.com,true
,Mon Nov 09 13:46:05 +0000 2020,,,,0,1325796807738318850,,,,en,,,,0,,,"<a href=""http://twitter.com/download/iphone"" rel=""nofollow"">Twitter for iPhone</a>",I‚Äôm only gonna take the vaccine because if my great great grandkids die of COVID-19 it will be 100% my fault,https://twitter.com/queencityd/status/1325796807738318850,Thu Aug 08 01:13:05 +0000 2013,1654222872,false,#BLM l yes. i am an african american | #HERETHEYCOME|#AllFly| @thottrader| steppin on niggas| he/him,173818,680,1105,2,704,#HowieToTheGulag2024 üá∫üá∏(10-10),queencityd,92446,,,false
,Mon Nov 09 15:17:50 +0000 2020,ibelieveinscience covid19 vaccine goodnews,,https://www.bbc.com/news/health-54873105,3,1325819898421862400,,,,en,,false,,0,,,"<a href=""http://twitter.com/download/iphone"" rel=""nofollow"">Twitter for iPhone</a>",While we have been fighting and struggling (and also helping each other and coping) ...scientists have been hard at work for us. üë©üèª‚Äçüî¨üë®üèΩ‚Äçüî¨   https://t.co/8Wj2wiK7B3 üòÉ‚ù§Ô∏èüòÉ‚ù§Ô∏èüòÉ‚ù§Ô∏è #ibelieveinscience #covid19 #vaccine #goodnews,https://twitter.com/juliaherself/status/1325819898421862400,Sat Aug 01 22:15:34 +0000 2009,62130851,false,she/her ‚ô° ‚òÜÔΩ•:*:ÔΩ•ÔΩ°ÔΩ•:*:.ÔΩ°.,9878,359,633,42,"Vancouver, BC",Julia,juliaherself,19243,,https://boxd.it/aqxRK,false
,Mon Nov 09 18:11:18 +0000 2020,COVID19 vaccine Pfizer,,https://immunitybio.com/immunitybios-had5-covid-19-vaccine-candidate-stimulates-memory-t-cell-recall-in-patients-infected-with-sars-cov-2/,0,1325863550821130241,,,,en,,false,,0,,,"<a href=""http://twitter.com/#!/download/ipad"" rel=""nofollow"">Twitter for iPad</a>",Good news coming out of @immunitybio  and @NantKwest for #COVID19 #vaccine but overshadowed by #Pfizer data released on same day. Timing and Perception is all important when delivering news. https://t.co/FDxoY7NI1D,https://twitter.com/tweetietat/status/1325863550821130241,Sun Dec 12 05:43:58 +0000 2010,225686060,false,One voice among many,13882,70,1271,0,Third rock from the Sun,CAL,tweetietat,1155,,,false
,Mon Nov 09 19:48:00 +0000 2020,,,https://twitter.com/wmbfnews/status/1325819922459594752,0,1325887886953209856,,,,en,"South Carolina, USA",false,1325819922459594752,0,,,"<a href=""http://twitter.com/download/iphone"" rel=""nofollow"">Twitter for iPhone</a>",Over my dead fucking body will I take a vaccine or anything else from this administration. HELL NO https://t.co/YVoLEuonDf,https://twitter.com/toribrookesnell/status/1325887886953209856,Tue Dec 06 20:26:57 +0000 2016,806233489792180224,false,"Stokes County, NC native üçÉ",2832,72,185,0,"South Carolina, USA",Tori Brooke Snell,toribrookesnell,2076,,http://www.farmasius.com/toribrookesnell,false
,Mon Nov 09 18:10:16 +0000 2020,,https://twitter.com/DineshA58/status/1325863291298734080/photo/1,http://hindustantimes.com/world-news/mad,0,1325863291298734080,,,,en,,false,,0,,,"<a href=""http://twitter.com/download/iphone"" rel=""nofollow"">Twitter for iPhone</a>","Good news 
Very good night 

Leaders hail Pfizer announcement in Covid-19 vaccine development

https://t.co/DpqziRQtrx‚Ä¶ https://t.co/ddVItXlhN7",https://twitter.com/DineshA58/status/1325863291298734080,Sun Jun 12 08:12:32 +0000 2016,741906012194607104,false,"flow with the wind ,punctuated with Sanskar ,and self https://t.co/fGEwqnlIGI political affiliation,poet by passion independent opinions",7541,1278,983,3,"West Bengal, India",Dinesh Agarawal,DineshA58,38661,,,false
,Fri Nov 20 06:45:30 +0000 2020,COVID19 coronavirus bioethics Vatican CatholicChurch,,https://www.catholicnewsagency.com/news/the-ethics-of-modernas-coronavirus-vaccine-80858,2,1329677231128457216,,,,en,,false,,1,,,"<a href=""http://twitter.com/download/android"" rel=""nofollow"">Twitter for Android</a>",".@Bishopoftyler: ""Moderna vaccine is not morally produced"" #COVID19 #coronavirus #bioethics #Vatican #CatholicChurch https://t.co/92fTn2qSkS",https://twitter.com/kattolikamente/status/1329677231128457216,Fri Oct 02 15:42:51 +0000 2009,79211525,false,"I am an Italian Catholic, husband, teacher, blogger and writer. I'm in an ecclesial movement. Proud to be Catholic therefore counter-revolutionary.",12594,6244,2389,186,"Rome, Italy",Kattoliko Pensiero,kattolikamente,92799,,http://about.me/kattolikamente,false
,Tue Nov 10 01:51:11 +0000 2020,,,https://twitter.com/markets/status/1325979015409266688,0,1325979285937532928,,,,en,,false,1325979015409266688,0,,,"<a href=""http://twitter.com/download/android"" rel=""nofollow"">Twitter for Android</a>","Sounds about right.

Don't take any vaccines! https://t.co/3GLDa4EoUr",https://twitter.com/AsianOptionGirl/status/1325979285937532928,Wed Aug 20 15:48:47 +0000 2014,2749415246,false,I'm a trader üìâüìà. Proud long term investor in $DOGE.  All posts are my opinion and are not advice. Trade @ your own risk.‚òÆüïä,7190,1047,99,19,Las Vegas,Samantha Lee,AsianOptionGirl,17081,,,false
,Tue Nov 10 18:17:25 +0000 2020,,,https://twitter.com/MBuhari/status/1326136598677909511,0,1326227476654284800,,,,en,,false,1326136598677909511,0,,,"<a href=""http://twitter.com/download/android"" rel=""nofollow"">Twitter for Android</a>",To travel is the reason why you're so so happy that vaccine for coronavirus is out. https://t.co/TnQ5AhlNDM,https://twitter.com/sokibest/status/1326227476654284800,Sat Jul 28 07:39:49 +0000 2018,1023110766470340608,false,Simple being,24360,394,2182,0,Nigeria,MEDINA SOKIBEST,sokibest,2636,,,false
,Mon Nov 09 20:25:33 +0000 2020,FoxNews,,https://www.foxnews.com/politics/democrats-balked-at-coronavirus-vaccine-under-trump,0,1325897334018859008,,,,en,,false,,0,,,"<a href=""https://mobile.twitter.com"" rel=""nofollow"">Twitter Web App</a>","These Dems balked at a coronavirus vaccine under Trump. Will they change their tune now? https://t.co/MWdCFqhwIQ #FoxNews 
I TRUST TRUMP, I DON'T TRUST THE DEMOCRATS.",https://twitter.com/JohnHotrod14046/status/1325897334018859008,Thu Jan 07 02:29:57 +0000 2016,4721246382,true,,17,2,54,0,,John Bianchi,JohnHotrod14046,1551,,,false
,Wed Nov 18 13:50:05 +0000 2020,,,,1,1329059303655960576,,,,en,,,,0,,,"<a href=""http://twitter.com/download/iphone"" rel=""nofollow"">Twitter for iPhone</a>",Fuck you and the COVID-19 vaccine I don‚Äôt trust nothing,https://twitter.com/__Moraa__/status/1329059303655960576,Sun Jul 08 02:29:39 +0000 2012,629908332,false,Minding Mine ü§∑üèΩ‚Äç‚ôÄÔ∏è,51250,1177,696,8,NYC üìç,Mora.,__Moraa__,210183,,,false
,Mon Dec 07 03:32:33 +0000 2020,LTC COVID19,,https://twitter.com/wassdoc/status/1335786829816086529,40,1335789264605507586,,,,en,,false,1335786829816086529,12,,,"<a href=""https://mobile.twitter.com"" rel=""nofollow"">Twitter Web App</a>","This is an outstanding initiative and one that is urgently needed in Ontario's #LTC sector in anticipation of the arrival of the #COVID19 vaccine:

cc @DrFullertonMPP @AdvantAgeOnt @OLTCAnews @allan_k_grillMD @NoahIvers @DrSamirSinha @BogochIsaac @LisaLevin1 @DLDunc416 @OnLTCC https://t.co/lSZXpirRhV",https://twitter.com/NathanStall/status/1335789264605507586,Fri Nov 09 04:18:06 +0000 2012,936078120,false,"| Husband | Twin Dad | Doctor | Scientist |
@OntLiberal candidate for Toronto‚ÄîSt. Paul's",10252,19399,1760,271,"Toronto, Canada",Nathan Stall,NathanStall,6286,,http://www.nathanstall.ca,true
,Mon Nov 09 19:36:00 +0000 2020,,,,0,1325884864374059009,macroaggressio3,1325642829993930752,1231634797530796000,en,,,,0,,,"<a href=""http://twitter.com/download/android"" rel=""nofollow"">Twitter for Android</a>","@macroaggressio3 You hear vaccine and warp speed negative combo, look at the MMR vaccine doing to our children. Covid-19 vaccine changes your DNA LAMININ cross Protein üôè",https://twitter.com/TRUe78902/status/1325884864374059009,Sun Jun 07 18:24:35 +0000 2020,1269696691021594624,false,,3117,46,255,0,,lightinthedark,TRUe78902,1001,,,false
,Mon Nov 09 06:43:44 +0000 2020,,,https://newslanes.com/care-homes-to-be-first-to-receive-coronavirus-vaccine-that-could-roll-out-before-christmas/,0,1325690517724782593,,,,en,,false,,0,,,"<a href=""http://publicize.wp.com/"" rel=""nofollow"">WordPress.com</a>",Care homes to be FIRST to receive coronavirus vaccine that could roll out before¬†Christmas https://t.co/V71edGrw7F,https://twitter.com/newslanes/status/1325690517724782593,Fri Feb 17 10:55:04 +0000 2017,832543883196248064,false,"Get Latest News and Updates on Fashion, Movies, blogging and much more! Read exclusive latest news on entertainment, music, gaming and more topics.",164,207,156,2,United Kingdom,Newslanes,newslanes,165448,,https://newslanes.com/,false
,Tue Nov 10 12:20:42 +0000 2020,,,https://twitter.com/MBuhari/status/1326136598677909511,1,1326137706003501057,,,,en,,false,1326136598677909511,0,,,"<a href=""http://twitter.com/download/android"" rel=""nofollow"">Twitter for Android</a>",Happy vaccine day! https://t.co/xNgxRH9gNQ,https://twitter.com/ibrand08/status/1326137706003501057,Wed Jul 04 07:02:47 +0000 2012,626240083,false,,115691,628,1027,0,Nigeria,Ibroheem Olanrewaju üá≥üá¨ üåç,ibrand08,5297,,,false
,Mon Nov 09 06:40:25 +0000 2020,,,https://newsinfo.inquirer.net/1358263/ph-in-talks-with-astrazeneca-for-covid-19-vaccine?utm_medium=Social&utm_source=Twitter#Echobox=1604904025,18,1325689685943996416,,,,en,,false,,6,,,"<a href=""https://www.echobox.com"" rel=""nofollow"">Echobox</a>",The Philippine government is in talks with Anglo-Swedish drugmaker AstraZeneca to procure doses of its prospective COVID-19 vaccine. | @DYGalvezINQ https://t.co/dVTpgOZT9h,https://twitter.com/inquirerdotnet/status/1325689685943996416,Wed Jul 16 00:36:41 +0000 2008,15448383,false,"Balanced News, Fearless Views. https://t.co/9E5AKYooBY",33718,3363211,1819,6214,Makati City,Inquirer,inquirerdotnet,1021757,,https://www.inquirer.net,true
,Tue Nov 10 11:53:00 +0000 2020,,,https://www.mirror.co.uk/news/politics/tiny-bottle-holds-hope-humanitys-22984011,7,1326130735154044933,,,,en,,false,,3,,,"<a href=""https://about.twitter.com/products/tweetdeck"" rel=""nofollow"">TweetDeck</a>","Tiny bottle holds hope for humanity's future with 10million coronavirus vaccines coming
https://t.co/gJ7tUSEwY2",https://twitter.com/DailyMirror/status/1326130735154044933,Tue Oct 21 14:58:45 +0000 2008,16887175,false,"The official Mirror Twitter account 
(Daily Mirror, Sunday Mirror & Mirror Online)
üóûÔ∏è - real news in real time
@MirrorBreaking_ for breaking news üö®",1362,1290914,4140,6586,UK,The Mirror,DailyMirror,859827,,http://www.mirror.co.uk/,true
,Fri Nov 27 17:09:00 +0000 2020,,,https://reut.rs/3fwNfJv,0,1332370853242302464,,,,en,,false,,0,,,"<a href=""http://twitter.com/download/iphone"" rel=""nofollow"">Twitter for iPhone</a>",U.S. officials plan to release 6.4 million COVID-19 vaccine doses in first distribution https://t.co/qdxfDKZOR4,https://twitter.com/smellini/status/1332370853242302464,Sun Jan 18 10:52:32 +0000 2009,19141703,false,"rough riding, glum wolf",13842,760,4521,2,"Brooklyn, NY",nick,smellini,5347,,http://www.botsthebook.com,false
,Mon Nov 09 06:11:56 +0000 2020,,,https://www.latesttoday.news/2020/11/07/health/coronavirus-some-canadians-hesitant-to-take-a-covid-19-vaccine-global-news/,0,1325682517148569600,,,,en,,false,,0,,,"<a href=""http://publicize.wp.com/"" rel=""nofollow"">WordPress.com</a>",Coronavirus: Some Canadians hesitant to take a COVID-19 vaccine ‚Äì Global¬†News https://t.co/pOgrnxWbGL,https://twitter.com/k29664911/status/1325682517148569600,Sun Sep 13 13:07:51 +0000 2015,3549429319,false,#news #follome„ÄÄ#follo„ÄÄ,0,281,1132,1,America,Today's news summary,k29664911,259236,,https://www.latesttoday.news/,false
,Tue Nov 10 10:03:50 +0000 2020,COVID19 WorldScienceDay,,https://twitter.com/pfizer/status/1325767629890592771,44,1326103263779971072,,,,en,,false,1325767629890592771,1,,,"<a href=""https://mobile.twitter.com"" rel=""nofollow"">Twitter Web App</a>",Good news from @pfizer and @BioNTech_Group about a possible #COVID19 vaccine candidate. Kudos to everyone on this #WorldScienceDay who work tireless to help combat the pandemicüëè https://t.co/7NCujdV0Dh,https://twitter.com/LarsFruergaard/status/1326103263779971072,Wed May 25 18:44:11 +0000 2016,735541993456164866,false,"President & CEO, @novonordisk",307,1737,103,19,"Copenhagen, Denmark",Lars Fruergaard,LarsFruergaard,152,,http://www.novonordisk.com,true
,Mon Nov 09 07:20:29 +0000 2020,,https://twitter.com/GMB/status/1325699765930254336/video/1,https://bit.ly/2MLB661,113,1325699765930254336,,,,en,,false,,16,,,"<a href=""http://grabyo.com"" rel=""nofollow"">Grabyo</a>","Hospitals are reportedly being prepped for a possible coronavirus vaccine roll out within three weeks. 

@Drhilaryjones says it is optimistic to think many people will be vaccinated before Christmas - but it is good news. 

Watch GMB for the latestüëâhttps://t.co/fzcHkA6S4k https://t.co/OEMR7IaZTW",https://twitter.com/GMB/status/1325699765930254336,Sat Jan 24 00:25:12 +0000 2009,19424427,false,The UK's most talked about breakfast television show. Weekdays from 6am on @ITV. Replies & content may be used on air. See https://t.co/u4BYxXFfJq,5258,908754,2944,1866,London,Good Morning Britain,GMB,84296,,http://www.itv.com/gmb,true
,Thu Dec 03 21:34:46 +0000 2020,tweets ToriesOut COVID19 Elections2020 ToriesEnemyOfThePeople ToryScum NoMoreCoverUps,,,0,1334612064346763264,,,,en,,,,0,,,"<a href=""http://twitter.com/download/android"" rel=""nofollow"">Twitter for Android</a>",Why's @twitter censorship of #tweets of #ToriesOut happening after once again @Conservatives was caught lying about #COVID19 vaccine where's the fact checker you used on @realDonaldTrump? In #Elections2020 #ToriesEnemyOfThePeople #ToryScum #NoMoreCoverUps,https://twitter.com/Justice4Marky/status/1334612064346763264,Sat May 14 16:28:29 +0000 2016,731521574919114752,false,The truth will always comes out over the lies of the corrupt establishment judgment day is coming,155591,1768,0,6,Lancashire ,Officially MAD,Justice4Marky,101425,,,false
,Mon Nov 09 06:18:33 +0000 2020,,https://twitter.com/JComm_NewsFeeds/status/1325684180483600384/photo/1,http://dlvr.it/RlHN4s,0,1325684180483600384,,,,en,,false,,0,,,"<a href=""https://dlvrit.com/"" rel=""nofollow"">dlvr.it</a>","Moderna on track to report late-stage COVID-19 vaccine data next month: The vaccine is currently being tested in a large human trial, and Moderna was in talks with a WHO-led group for distribution. https://t.co/CJGuw7rDzj JPost https://t.co/QPAhjvDm76",https://twitter.com/JComm_NewsFeeds/status/1325684180483600384,Mon Feb 01 18:15:04 +0000 2010,110482636,false,"News about Israel, Jewish Life, Middle East etc. / Nachrichten √ºber Israel, j√ºdisches Leben, Nahost etc.",0,3419,3,92,Germany,Jewish Community,JComm_NewsFeeds,416473,,http://romanischersalon.wordpress.com,false
,Mon Nov 09 08:41:33 +0000 2020,,,https://www.devdiscourse.com/article/international/1301491-zambia-in-talks-with-russia-on-accessing-sputnik-v-coronavirus-vaccine,0,1325720167867965440,,,,en,,false,,0,,,"<a href=""http://www.devdiscourse.com/"" rel=""nofollow"">Devdiscourse News Desk</a>",Zambia in talks with Russia on accessing Sputnik V coronavirus vaccine https://t.co/2DmTlKLSWX,https://twitter.com/dev_discourse/status/1325720167867965440,Tue Dec 05 08:31:31 +0000 2017,937962626222497793,false,"Devdiscourse: World's leading Website for International Development News, Opinions, Interviews and Breaking News.",23379,119681,605,85,National Capital Region,Devdiscourse,dev_discourse,742726,,https://www.devdiscourse.com,false
,Mon Nov 09 12:02:15 +0000 2020,,,https://united.states.news/qa-where-are-we-in-the-covid-19-vaccine-race-3/,0,1325770677580918785,,,,en,,false,,0,,,"<a href=""http://publicize.wp.com/"" rel=""nofollow"">WordPress.com</a>",Q&amp;A: Where are we in the COVID-19 vaccine¬†race? https://t.co/s12BAAIuMB,https://twitter.com/US__News/status/1325770677580918785,Sun Jun 07 04:10:44 +0000 2020,1269481872343482370,false,"News from all around the United States of America, from the local, business, political, to the scientific, technological, sports and entertainment news.",0,405,0,1,,United States News,US__News,66287,,https://united.states.news/,false
,Mon Nov 09 11:53:22 +0000 2020,,,https://www.washingtonpost.com/health/2020/11/09/pfizer-coronavirus-vaccine-effective/,16,1325768441370800128,,,,en,,false,,0,,,"<a href=""http://twitter.com/download/iphone"" rel=""nofollow"">Twitter for iPhone</a>","Pfizer says its coronavirus vaccine is more than 90 percent effective compared to a placebo, and has no major side effects. Study involved 44,000 people.  https://t.co/UH4zVj2OT6",https://twitter.com/nancyleong/status/1325768441370800128,Fri Dec 31 16:59:38 +0000 2010,232602648,false,"Lawprof @UofDenver @SturmCOL. Teach/research constitutional law, civil rights, discrimination. Book: #IdentityCapitalists (@StanfordPress 2021)",11559,26168,2045,400,"Denver, CO",Nancy Leong,nancyleong,12925,,https://www.law.du.edu/about/people/nancy-leong,true
,Fri Nov 27 21:54:20 +0000 2020,,,https://twitter.com/abcnews/status/1332403620705226753,8,1332442660540350464,,,,en,,false,1332403620705226753,0,,,"<a href=""http://twitter.com/download/iphone"" rel=""nofollow"">Twitter for iPhone</a>",Had a chat to a bloke from Orange (now in New York) who was the ‚Äòfirst‚Äô to question the Oxford-AstraZeneca vaccine. The world followed. https://t.co/CUouDEF5Qq,https://twitter.com/Sasbites/status/1332442660540350464,Mon Nov 29 10:56:04 +0000 2010,220966894,false,@ABCNews Specialist Reporting Team | via @AustVolunteers üá∏üáß/The West Australian | #pacific media trainer | Music ‚ù§Ô∏èr | Sandgroper üñ§üíõ| sas.nick@abc.net.au,1659,3236,2449,73,"Sydney, New South Wales",Nick Sas,Sasbites,5218,,https://www.abc.net.au/news/nick-sas/9855390?pfm=ms,true
,Wed Nov 18 13:17:49 +0000 2020,,,https://twitter.com/pfizer/status/1329032586421805056,5,1329051184896806919,,,,en,,false,1329032586421805056,0,,,"<a href=""http://twitter.com/download/android"" rel=""nofollow"">Twitter for Android</a>","Fuck yes. 
That's 2 effective vaccines in under 12 months. Science is grand. https://t.co/NgC09StldK",https://twitter.com/byzplease/status/1329051184896806919,Tue Feb 17 04:24:18 +0000 2009,21063741,false,History PhD student. Ancient/Medieval w/focus on dress and shiny things. Textile Tech & Digital Humanist. Copper Jeweler of Good Quality. #teamtampabay. She/Her,9830,1823,1289,29,"Tampa, Florida",Angela in Historiography Land üìñ,byzplease,16411,,http://www.annasrome.com,false
,Mon Nov 09 14:52:11 +0000 2020,,,,40,1325813439567159297,,,,en,,,,2,,,"<a href=""https://mobile.twitter.com"" rel=""nofollow"">Twitter Web App</a>","""Inject this straight into my veins.""
‚Äîme to Pfizer executives when the COVID-19 vaccine is available",https://twitter.com/zzzzaaaacccchhh/status/1325813439567159297,Mon Jul 02 15:34:50 +0000 2012,624762482,false,"Freelance writer and editor. Contributor to Pitchfork, MEL, Vulture, etc. My 33 1/3 book is out now. Still sitting in a room. Email: zschonfeld@gmail.com.",19869,10628,1264,213,"New York, NY",Zach Schonfeld,zzzzaaaacccchhh,27318,,https://www.bloomsbury.com/us/24-carat-blacks-ghetto-misfortunes-wealth-9781501355509/,true
,Mon Nov 09 18:32:48 +0000 2020,DepopulationAgenda,,,0,1325868962131955713,,,,en,,,,0,,,"<a href=""http://twitter.com/download/android"" rel=""nofollow"">Twitter for Android</a>",Imagine if the new covid19 vaccine has a side effect of making people infertile? #DepopulationAgenda,https://twitter.com/TaintedAlien/status/1325868962131955713,Sat Dec 12 21:43:06 +0000 2009,96424331,false,"Unbelievable truths become fiction, uncomfortable?",343,262,521,6,Kernow,Tainted Alien,TaintedAlien,8775,,http://13domains.com,false
,Tue Nov 10 09:27:09 +0000 2020,,,https://twitter.com/BBCBreakfast/status/1326058257727762432,3,1326094031978422272,,,,en,,false,1326058257727762432,0,,,"<a href=""https://mobile.twitter.com"" rel=""nofollow"">Twitter Web App</a>",Very hopeful about this # Covid-19 vaccine! https://t.co/LQW4juYtiA,https://twitter.com/MBclin_neg/status/1326094031978422272,Thu May 14 13:26:10 +0000 2015,3253851821,false,News & views from our specialist clinical negligence team who are renowned for their experience in handling complex claims. @APIL certified senior litigators.,765,735,891,40,"South East, England",Moore Barlow Clinical Negligence,MBclin_neg,5262,,https://www.moorebarlow.com/injury/clinical-negligence/,false
,Sat Dec 05 00:58:40 +0000 2020,,,https://www.sbs.com.au/news/bahrain-becomes-second-nation-to-approve-pfizer-biotech-coronavirus-vaccine?cid=news:socialshare:twitter,0,1335025765528702976,,,,en,,false,,0,,,"<a href=""https://mobile.twitter.com"" rel=""nofollow"">Twitter Web App</a>",Bahrain becomes second nation to approve Pfizer-BioTech coronavirus vaccine https://t.co/8OgQ7XK0SV via @SBSNews,https://twitter.com/nobby15/status/1335025765528702976,Sat Jun 27 07:33:09 +0000 2009,51378153,false,Retired IT Specialist,480590,10032,4179,472,"Perth, Western Australia",üíßDUKE Clyde (HANSARD)CFW9 (Biden-Harris ELECT)üíß,nobby15,1170957,,,false
,Mon Nov 09 12:21:54 +0000 2020,,,https://twitter.com/APHClarkson/status/1325769741898821645,21,1325775621428043776,,,,en,"Greenwich, London",false,1325769741898821645,8,,,"<a href=""http://twitter.com/download/iphone"" rel=""nofollow"">Twitter for iPhone</a>","I stand with every true Englishman when I say ‚ÄòKeep your filthy Euro-immigrant vaccine out of my veins, Mr Barnier.‚Äô https://t.co/vvrPufOaOs",https://twitter.com/politic_animal/status/1325775621428043776,Thu Jul 23 17:38:45 +0000 2009,59532544,false,I'm Jo. Head of cabinet office @ealingcouncil. 2011's 80th best political tweeter. Downhill since. Did #bus24. All views are Marcia the cat's. @Out_of_the_Loop,4133,12872,1968,211,London,[Restricted] Animal,politic_animal,103506,,http://travellinganimal.wordpress.com/,false
,Mon Nov 09 19:46:28 +0000 2020,BidenHarris Covid_19 Pfizer Pfizervaccine hope,,https://twitter.com/Reuters/status/1325771337814650886,0,1325887498254422016,,,,en,,false,1325771337814650886,0,,,"<a href=""http://twitter.com/download/iphone"" rel=""nofollow"">Twitter for iPhone</a>",#BidenHarris election and now perhaps the solution to the covid plague.. let‚Äôs finish this 2020 with a hope we had lost! #Covid_19 #Pfizer #Pfizervaccine #hope https://t.co/M4tiZ1q1KC,https://twitter.com/Claudia82686929/status/1325887498254422016,Mon Oct 19 21:05:28 +0000 2020,1318297173885407232,false,Made in Italy | Based in London | Ten years of expat life | Traveller | Looking for my place in this crazy world,105,2,53,0,"London, England",Claudia,Claudia82686929,65,,https://www.instagram.com/instarealclaudiagram/,false
,Tue Nov 24 17:00:26 +0000 2020,,,https://helenair.com/news/national/dow-crests-30-000-points-on-vaccine-hopes-biden-transition/article_9d57d760-d317-551b-b672-837ec1272761.html#utm_campaign=blox&utm_source=twitter&utm_medium=social,0,1331281532456210433,,,,en,,false,,0,,,"<a href=""https://www.townnews.com/"" rel=""nofollow"">BLOX CMS</a>",Investors are encouraged by the latest progress on developing coronavirus vaccines and news that the transition of power to President-elect Joe Biden will finally begin. https://t.co/hds8Vp4wc3,https://twitter.com/helenaironline/status/1331281532456210433,Tue Jan 22 22:50:10 +0000 2008,12568062,false,"Bringing you the latest from Montana's capital city. Follow for breaking, state and local news.",217,9261,379,285,"Helena, Montana",Independent Record,helenaironline,80028,,http://www.helenair.com,false
,Wed Nov 18 16:48:32 +0000 2020,,,https://twitter.com/OANN/status/1329076143316602885?s=19,0,1329104213176164353,LeahButlerSmith,1329096296741953538,973899264,en,,false,1329076143316602885,0,,,"<a href=""http://twitter.com/download/android"" rel=""nofollow"">Twitter for Android</a>",@LeahButlerSmith We dont need a vaccine we have regeneron as a treatment https://t.co/5hK6ERl6nM,https://twitter.com/Jamie66158199/status/1329104213176164353,Fri Sep 04 20:35:25 +0000 2020,1301982126452203522,false,,6359,31,46,0,,Jamie,Jamie66158199,2722,,,false
,Tue Nov 10 10:17:34 +0000 2020,,,https://twitter.com/richardhorton1/status/1326100901405331456,3,1326106718519128064,,,,en,,false,1326100901405331456,2,,,"<a href=""http://twitter.com/download/android"" rel=""nofollow"">Twitter for Android</a>","üëáüëáNot a good practice, not good for public trust in vaccines ...  However, ""scientific"" press releases seem to be good for the stock market ü§∑üèª‚Äç‚ôÄÔ∏è https://t.co/qZaNZNhWLs",https://twitter.com/AnGeLaUyEn/status/1326106718519128064,Tue Sep 07 16:59:13 +0000 2010,187981835,false,"Health policy advisor MSF.
International Relations #QMUL
Infectious disease control,
science, politics, innovation and planetary health
Personal account",27581,7892,2620,43,Belgium,Angela Uyen Cateriano,AnGeLaUyEn,10739,,,false
,Tue Nov 10 11:54:24 +0000 2020,,,https://trib.al/w6A9OiG,1,1326131087081312259,,,,en,,false,,0,,,"<a href=""http://www.socialflow.com"" rel=""nofollow"">SocialFlow</a>",Coronavirus vaccine testing timeline: What‚Äôs next in Covid-19 fight https://t.co/7ZB20jeLBk,https://twitter.com/syracusedotcom/status/1326131087081312259,Sat Sep 27 00:17:13 +0000 2008,16477702,false,"Syracuse and Central New York's No. 1 news website.
üíª  Support our journalism: https://t.co/Yvh2eMMsfx
üì©  Free newsletters: https://t.co/mvSyn0QPSJ",184,95713,586,834,"Syracuse, NY",syracuse.com,syracusedotcom,215104,,http://www.syracuse.com,true
,Mon Nov 09 13:54:12 +0000 2020,,,https://www.theguardian.com/world/2020/nov/09/covid-19-vaccine-candidate-effective-pfizer-biontech,7,1325798847340113921,,,,en,,false,,0,,,"<a href=""http://itunes.apple.com/us/app/twitter/id409789998?mt=12"" rel=""nofollow"">Twitter for Mac</a>","I wonder what the logistics of a Covid-19 vaccine are. Will nations share the vaccines across borders or will they prioritise their citizens?
Either way, this sounds like good news!
https://t.co/tDGsA9Iryu",https://twitter.com/atenthongj/status/1325798847340113921,Mon Nov 04 10:31:50 +0000 2013,2173758116,false,call me Ishmael,9151,164,426,1,"Nagaland, India",atenthong,atenthongj,787,,,false
,Tue Nov 10 06:59:38 +0000 2020,,,https://twitter.com/ABC11_WTVD/status/1326056276825083904,0,1326056909888249857,,,,en,,false,1326056276825083904,0,,,"<a href=""http://twitter.com/download/iphone"" rel=""nofollow"">Twitter for iPhone</a>",i ain‚Äôt takin no vaccine man https://t.co/6U4hTISMzQ,https://twitter.com/teeetop_/status/1326056909888249857,Fri Apr 15 01:04:33 +0000 2011,282338040,false,ig: teeetop,31808,3559,2381,4,Raleigh üëπ,top üç≠,teeetop_,77515,,,false
,Mon Nov 09 19:11:40 +0000 2020,COVID19,,,4,1325878740598083585,,,,en,,,,0,,,"<a href=""http://twitter.com/download/iphone"" rel=""nofollow"">Twitter for iPhone</a>","Best news of the year so far, well at least for the last 34 weeks! One of the many vaccines against #COVID19 being developed and looking extremely positive. We can start to see the light for 2021!!",https://twitter.com/PercyBlakeney63/status/1325878740598083585,Fri Feb 13 06:44:56 +0000 2009,20752767,false,"@JustFlight Gambling Commission, @BAFTA Patron, Creative Industries Fed, VP @SpecialEffect Chair @British_Esports @animalfarmgame @nvmuk trustee",49322,5882,6275,157,Cotswolds Cockney,Andy Payne,PercyBlakeney63,156368,,http://greatescapers.Wordpress.com,true
,Thu Dec 03 20:39:53 +0000 2020,,,,0,1334598251253813249,,,,en,"Chicago, IL",,,0,,,"<a href=""http://twitter.com/download/iphone"" rel=""nofollow"">Twitter for iPhone</a>","Presidents Obama, Bush &amp; Clinton are volunteering to get their Covid-19 vaccines on TV with a National Broadcast to promote public confidence in the vaccine's safety. Sort of like the Super Bowl of Vaccine Game. 
What Musical Group should perform at 1/2 Time. Who shud announce?",https://twitter.com/geobliss/status/1334598251253813249,Tue Apr 22 15:26:36 +0000 2008,14475893,false,Award Winning Business & Technology Professional. Member Softball Hall of Fame. Email georgebliss@yahoo.com Cell Phone or Text 312 217 0510,226,781,2016,19,"Palm Beach, FL",George Bliss.,geobliss,4901,,http://www.facebook.com/george.bliss.35,false
,Tue Nov 10 04:23:45 +0000 2020,SecondLockdown CovidVaccine coronavirus COVID19 BiharElection2020 Bihar d,,https://news.paasban.org/?p=10184,0,1326017679191384065,,,,en,,false,,0,,,"<a href=""http://twitter.com/download/android"" rel=""nofollow"">Twitter for Android</a>","Thank God, GOOD NEWS COME
Pfizer vaccine trial success tells Covid 19 pandemic battle end soon https://t.co/xTHB46uJEj via 
#SecondLockdown #CovidVaccine #coronavirus #COVID19 #BiharElection2020 #Bihar #d",https://twitter.com/shahbazmasoom/status/1326017679191384065,Fri Jul 26 04:55:51 +0000 2013,1622031390,false,"TV Host Sach Ki Pukar Masoom K Sath at Paasban News
Motivated Lawyer
Enthusiastic Patriot
Believ in ACTION SPEAKS LOUDER THAN WORDS",285,25,222,0,"ŸÑÿß€ÅŸàÿ±, Ÿæÿß⁄©ÿ≥ÿ™ÿßŸÜ",Shahbaz Masoom,shahbazmasoom,712,,https://news.paasban.org/author/paasban/,false
,Wed Nov 18 13:08:53 +0000 2020,coronavirus CoronavirusVaccine,,https://twitter.com/i/events/1329036374440173568,0,1329048936309395458,,,,en,,false,,0,,,"<a href=""http://twitter.com/download/iphone"" rel=""nofollow"">Twitter for iPhone</a>","Some light of hope... 

#coronavirus 
#CoronavirusVaccine 
 Pfizer and BioNTech say their vaccine is '95% effective' and has passed safety checks  https://t.co/xBrvgiaKSG",https://twitter.com/igaurav24/status/1329048936309395458,Sun Jul 01 06:55:33 +0000 2012,623491298,false,"Believe in Choice Theory developed by William Glasser. 

Don't belive in concept of #India or #Hindustan, my country is #Bharat and
I am proud #Bhartiya.",25669,51,72,0,Nowhere,GT üîÖ #MaskOn üò∑,igaurav24,5542,,,false
,Sat Nov 28 19:59:11 +0000 2020,,,https://twitter.com/The12fthOfNever/status/1332728270085713920,6,1332776067837386752,,,,en,,false,1332728270085713920,2,,,"<a href=""https://mobile.twitter.com"" rel=""nofollow"">Twitter Web App</a>","I knew the opposition's shrieking over the vaccine was just another manufactured scandal, meant to  distract. https://t.co/Oybiis4qST",https://twitter.com/angryablib/status/1332776067837386752,Tue Oct 22 01:40:55 +0000 2019,1186457132951986177,false,It's a pretty lonely life being an AB Liberal. Thank you Canada for helping elect the best PM in 35 years. #IStandWithTrudeau #BetterOffWithRachel #NeverVoteUCP,113345,1445,1200,0,,@AngryABLib,angryablib,54241,,,false
,Mon Nov 09 13:04:20 +0000 2020,,,https://twitter.com/NPRHealth/status/1325785217810849792,0,1325786301472280576,,,,en,,false,1325785217810849792,0,,,"<a href=""http://twitter.com/download/iphone"" rel=""nofollow"">Twitter for iPhone</a>","Effective at WHAT? Is it full of poison and heavy metals like ALL the other ‚Äúvaccines‚Äù you make?
No thanks.
Pretty sure I can survive the common cold on my own, thanks tho ... https://t.co/VSxOuuJoVO",https://twitter.com/PattiannGrigsb1/status/1325786301472280576,Tue Jan 03 00:45:44 +0000 2017,816083085506781184,false,Sovereign American Patriot My special skill is stating the obvious. Discovered a cure for apathy in 2016 but no one cared. Parler=PMG444,21235,76,286,0,,Pattiann,PattiannGrigsb1,6791,,,false
,Mon Nov 09 16:25:02 +0000 2020,,,,5,1325836809859862535,,,,en,,,,0,,,"<a href=""https://mobile.twitter.com"" rel=""nofollow"">Twitter Web App</a>",I am curious if my Niece will be able to even have a covid19 vaccine because she has allergies. If she isnt able to we still gotta protect her somehow.,https://twitter.com/TheGaychel/status/1325836809859862535,Tue Sep 28 06:43:20 +0000 2010,196059131,false,"Auntie x2, Lesbian, She/Her, Boxer Mom. Cougs, Sounders, Kraken, Storm, M's üéÆ AEW/NJPW/Indies, MMA. BLACK LIVES MATTER! #RipMrBrodieLee $thegaychel",801234,3851,2577,123,The Better Washington,Rachel,TheGaychel,542105,,https://youtu.be/ZZ5LpwO-An4,false
,Mon Nov 09 23:18:40 +0000 2020,Pfizervaccine COVID19 vaccine funny comical justsaying gusman,,,0,1325940903563964416,,,,en,,,,0,,,"<a href=""http://twitter.com/download/android"" rel=""nofollow"">Twitter for Android</a>","If it's true that Pfizer have developed a vaccine for COVID, then I hope that I am the Pfirst to Pfuckin get it!
#Pfizervaccine #COVID19 #vaccine #funny #comical #justsaying #gusman",https://twitter.com/FuddHieronymous/status/1325940903563964416,Thu Oct 29 06:58:52 +0000 2020,1321707866676469760,false,I am a Fudd.  I have a Fudd outlook on the world.,27,8,106,1,Ayrshire,Hieronymous Fudd,FuddHieronymous,94,,,false
,Thu Dec 03 01:46:30 +0000 2020,FluVaccine flu COVID19,,http://vaccines.gov,0,1334313027513028611,,,,en,,false,,0,,,"<a href=""https://ifttt.com"" rel=""nofollow"">IFTTT</a>","RT SecAzar: RT @HHS_ASH: It's not too late to get your #FluVaccine.  The #flu vaccine protects you, your loved ones, &amp; your community from flu. It also helps protect essential workers &amp; save medical resources for care of #COVID19 patients. Visit https://t.co/UfdSmmM2Nq to find ‚Ä¶",https://twitter.com/HHSRegion10/status/1334313027513028611,Fri Apr 17 17:14:39 +0000 2015,3177403355,false,"Office of the Regional Director for Alaska, Idaho, Oregon, and Washington. Sign up for updates at https://t.co/Lnv8MTpe85.",81,1033,1051,77,"Seattle, WA",HHS Region 10,HHSRegion10,17507,,https://www.hhs.gov/about/agencies/iea/regional-offices/region-10/index.html,true
,Mon Nov 09 17:52:31 +0000 2020,coronavirus CashlessSociety GreatReset,,https://twitter.com/RishiSunak/status/1325836180739551232?s=20,1,1325858822087434243,itvnews,1325850364827086851,21866939,en,,false,1325836180739551232,0,,,"<a href=""https://mobile.twitter.com"" rel=""nofollow"">Twitter Web App</a>","@itvnews The #coronavirus ""vaccine"" has been approved by Nazi butcher Josef Mengele, and the UK's press are pushing it, as well as pushing the #CashlessSociety plan for #GreatReset. ITN are as guilty as Boris in this crime against humanity. https://t.co/5WH6ydSvgO",https://twitter.com/liarpoliticians/status/1325858822087434243,Tue Mar 22 15:43:14 +0000 2011,270416438,false,"A B'stard who hates lies+deception of politicians, and bastard Youtube abuse copyright to hide MPs crimes.
https://t.co/EppdGVsXpF",77799,14489,252,275,Communist Police State UK,"Liarpoliticians, UK has rogue Parliament+police",liarpoliticians,250802,,,false
,Tue Nov 10 05:58:28 +0000 2020,,,https://twitter.com/HegKong/status/1325731500537622534,16,1326041513252409344,,,,en,,false,1325731500537622534,8,,,"<a href=""https://mobile.twitter.com"" rel=""nofollow"">Twitter Web App</a>","Why would any Nation force an untested, no liability vaccine on its people for a virus with a 99.74% recovery rate?

It simply doesn't make sense for public health

It only makes sense if the motive is profit https://t.co/H9BYXQoghJ",https://twitter.com/jen95873143/status/1326041513252409344,Sun Jun 02 23:25:54 +0000 2019,1135326704929390592,true,gab: @jen95873143,54128,2380,4980,10,,jen,jen95873143,79409,,,false
,Thu Nov 12 05:50:05 +0000 2020,,,https://on.mktw.net/2ItH4to,20,1326764180955930624,,,,en,,false,,6,,,"<a href=""http://www.socialflow.com"" rel=""nofollow"">SocialFlow</a>",What a COVID-19 vaccine would mean for mortgage rates and the housing market https://t.co/O3IMUru8U6,https://twitter.com/MarketWatch/status/1326764180955930624,Thu Jan 11 05:15:48 +0000 2007,624413,false,"News, personal finance & commentary from MarketWatch.

For customer support, visit https://t.co/Uu49STq7M6",2616,4164152,201,29029,"New York, NY",MarketWatch,MarketWatch,356606,,http://www.marketwatch.com/,true
,Mon Nov 09 12:03:29 +0000 2020,,,https://www.theguardian.com/world/2020/nov/09/covid-19-vaccine-candidate-effective-pfizer-biontech?CMP=Share_iOSApp_Other,4,1325770986571096064,,,,en,,false,,0,,,"<a href=""http://twitter.com/download/iphone"" rel=""nofollow"">Twitter for iPhone</a>","More good news!!! I could get used to this 
Covid-19 vaccine candidate is 90% effective, says manufacturer https://t.co/wtpyAh71pU",https://twitter.com/rachelheath/status/1325770986571096064,Wed Dec 03 20:37:26 +0000 2008,17847872,false,Novelist. The Finest Type of English Womanhood and Part of the Spell. Book 3 is taking ages. Agent: P Straus at RC&W.,10698,1628,1334,32,Bath,Rachel Heath,rachelheath,36513,,,false
,Mon Nov 09 18:34:30 +0000 2020,GBPUSD Currencies,,https://s68mv.app.goo.gl/18qVr,5,1325869389518921728,,,,en,,false,,3,,,"<a href=""http://www.fxstreet.com/"" rel=""nofollow"">FXstreet.com</a>",GBP/USD pushing against 1.3200 amid upbeat COVID-19 vaccine reports https://t.co/GKWcVY2BLA #GBPUSD #Currencies,https://twitter.com/FXstreetNews/status/1325869389518921728,Mon Mar 30 15:05:53 +0000 2009,27652717,false,"24/5 real-time forex news. Covering Forex since 2000, now on the @FXScrypto beat too.",152,216296,281,3602,Barcelona,FXStreet News,FXstreetNews,407328,,http://www.FXStreet.com,false
,Wed Nov 18 16:00:13 +0000 2020,,,https://trib.al/l30qOQQ,0,1329092054836678656,,,,en,,false,,0,,,"<a href=""http://www.socialflow.com"" rel=""nofollow"">SocialFlow</a>","Dolly Parton‚Äôs $1 million donation helped fund Moderna‚Äôs COVID-19 vaccine 
https://t.co/tszIxxevKc",https://twitter.com/kcautv/status/1329092054836678656,Tue Jul 29 20:58:53 +0000 2008,15651396,false,"Official Twitter feed for KCAU 9 News in Sioux City, Iowa.",1225,9730,651,221,"Sioux City, Iowa",KCAU 9 News,kcautv,64415,,http://www.siouxlandproud.com,false
,Mon Nov 09 14:17:28 +0000 2020,,,https://twitter.com/BogochIsaac/status/1325772638615121920,0,1325804703834382337,,,,en,,false,1325772638615121920,1,,,"<a href=""https://mobile.twitter.com"" rel=""nofollow"">Twitter Web App</a>","is this the vaccine approved by trump and pence?

i can't take my chances when i'm dead, so i'll stay alive.
thanx anyway, tho. https://t.co/QKcDw3FQv6",https://twitter.com/luceforma/status/1325804703834382337,Sat Nov 22 12:56:51 +0000 2014,2887795215,false,"FUCK ART
LET'S DANCE
don't let the stash fool ya",32752,1580,2024,4,"Ottawa, Ontario",first light on a quest through a prismüåàüëΩüíÑüí•,luceforma,45975,,,false
,Wed Nov 18 15:31:42 +0000 2020,,,,3,1329084876570521600,,,,en,,,,0,,,"<a href=""http://twitter.com/download/iphone"" rel=""nofollow"">Twitter for iPhone</a>",I am going to drink the Coronavirus vaccine,https://twitter.com/bilbosfootcomb/status/1329084876570521600,Thu Dec 21 18:32:56 +0000 2017,943912183427223552,false,"Catholic. N√≠l sa saol seo ach ceo, Is n√≠ bheimid beo, ach seal beag gearr.",38111,807,508,4,"Washington, DC","Haydn, üáµüá∏",bilbosfootcomb,8312,,,false
,Mon Nov 09 07:12:03 +0000 2020,,https://twitter.com/Suphee33/status/1325697646909132800/photo/1,https://twitter.com/DelthiaRicks/status/1325625337154314243,0,1325697646909132800,,,,en,,false,1325625337154314243,0,,,"<a href=""http://twitter.com/download/android"" rel=""nofollow"">Twitter for Android</a>","This is why thinking that a vaccine is a panacea is a dangerous idea.

You can outsmart evolution at your own peril. https://t.co/WJXen4MfTV https://t.co/3yx5Bf9hTh",https://twitter.com/Suphee33/status/1325697646909132800,Fri Apr 16 08:31:31 +0000 2010,133642765,false,üéØ Currently creating the template for the wellbeing of all future generations üåû,5363,419,329,5,United Kingdom,suphil Philipose,Suphee33,7127,,https://bioturm.co.uk/suphil-philipose/,false
,Thu Nov 12 09:35:27 +0000 2020,,,http://stefanmatun.wordpress.de/2020/11/12/science-fraud-covid-19-vaccines-were-manufactured-and-stockpiled-by-the-military-long-before-they-were-tested-and-approved-truth11/,0,1326820897949413376,,,,en,,false,,0,,,"<a href=""http://publicize.wp.com/"" rel=""nofollow"">WordPress.com</a>",SCIENCE FRAUD: Covid-19 vaccines were manufactured and stockpiled by the military long before they were tested and ‚Äúapproved‚Äù |¬†Truth11 https://t.co/dynrPQAlIo,https://twitter.com/StefanMatun/status/1326820897949413376,Sat Sep 27 13:14:21 +0000 2008,16485304,false,,191,87,289,3,Wien,Stefan Matun,StefanMatun,132785,,,false
,Mon Nov 09 12:47:45 +0000 2020,,,https://twitter.com/BBCBreaking/status/1325769649842171909,92,1325782126365708300,,,,en,,false,1325769649842171909,18,,,"<a href=""http://twitter.com/download/android"" rel=""nofollow"">Twitter for Android</a>","Fucking people with check marks in here complaining that it's ""only"" 90% effective. Read some fucking science before you say stupid shit to undermine a vaccine. Flu shots are like 40% effective. Measles vaccine is an incredible 95% and that virus is extremely communicable. https://t.co/zjyk5MSTNT",https://twitter.com/fat_walda/status/1325782126365708300,Thu Jul 13 18:14:54 +0000 2017,885563197167677442,false,"Mod of /r/asoiafüî®, fat little wifeü•ß. STEM Education PhDüë©‚Äçüè´, cosplayerü¶∏‚Äç‚ôÄÔ∏è, video game enthusiastüëæ. ND mom to ND kidüß†. She/her üíóüíúüíô.",101123,948,830,7,Somewhere,Dr. Walda Frey-Bolton is tired.,fat_walda,22761,,,false
,Mon Nov 09 21:52:53 +0000 2020,,,https://www.adelaidenow.com.au/coronavirus/coronavirus-us-sets-new-covid-record-as-top-trump-aide-tests-positive/news-story/54179859f6be26ab069120978b1166dc,0,1325919313300127750,,,,en,,false,,1,,,"<a href=""https://mobile.twitter.com"" rel=""nofollow"">Twitter Web App</a>","This is what I call a good news week... ""Pfizer‚Äôs COVID-19 vaccine was declared to be 90 per cent effective"" https://t.co/M71zS0besy",https://twitter.com/eloiseskella/status/1325919313300127750,Sun Feb 27 10:48:09 +0000 2011,258283764,false,Port üçê junkie. Part-time media spectactor. Marketing @CevoAustralia üöÄ,2114,704,272,59,"Adelaide, South Australia",Eloise,eloiseskella,6189,,https://www.linkedin.com/in/eloiseskella/,false
,Tue Nov 10 06:02:38 +0000 2020,,https://twitter.com/MENAFN/status/1326042563116085248/photo/1,http://dlvr.it/RlMCzd,0,1326042563116085248,,,,en,,false,,0,,,"<a href=""https://dlvrit.com/"" rel=""nofollow"">dlvr.it</a>",Trump says Pfizer withheld announcement on COVID-19 vaccine before election https://t.co/Bzh3sFFSMW https://t.co/kxa7LyeOjK,https://twitter.com/MENAFN/status/1326042563116085248,Sat Aug 15 14:50:14 +0000 2009,65910734,false,,4,1794,19,97,,MENAFN Business,MENAFN,257871,,http://www.menafn.com,false
,Wed Nov 18 16:00:16 +0000 2020,,,https://twitter.com/BrittneyHoney/status/1329091771712688131,1,1329092066148638729,,,,en,,false,1329091771712688131,0,,,"<a href=""http://twitter.com/download/iphone"" rel=""nofollow"">Twitter for iPhone</a>",Nah fr fuck that shit I don‚Äôt want no flu shot coronavirus vaccine none of that ‚ÄºÔ∏è‚ÄºÔ∏è https://t.co/WhfJAig7N1,https://twitter.com/ImSoEastWaco/status/1329092066148638729,Tue Jan 20 22:51:55 +0000 2009,19262845,false,"#TeamFollowBack,,#TeamMavs,#TeamCowboys,#TeamLeBron, #TeamXbox,#BaylorNation!!!,#LionNation,#BaylorGang!!! Xbox Live GT : ColianDaily254",6263,850,2640,2,"East Waco,Texas",Tenatious¬©Ô∏è,ImSoEastWaco,5058,,,false
,Mon Nov 09 15:49:29 +0000 2020,,,https://twitter.com/Reuters/status/1325771337814650886,0,1325827860997804032,,,,en,,false,1325771337814650886,0,,,"<a href=""http://twitter.com/download/iphone"" rel=""nofollow"">Twitter for iPhone</a>","They can have their vaccine, I want the right to say no- not in my body. We will only have that right under Donald J Trump https://t.co/MrfDSMm6JB",https://twitter.com/margare98743043/status/1325827860997804032,Tue May 26 17:27:37 +0000 2020,1265333710070722563,true,,12726,14,100,0,,margaret samuel,margare98743043,6776,,,false
,Mon Nov 09 14:12:58 +0000 2020,,,https://twitter.com/washingtonpost/status/1325767075340619776,9,1325803573490409474,,,,en,,false,1325767075340619776,0,,,"<a href=""https://mobile.twitter.com"" rel=""nofollow"">Twitter Web App</a>","great news! but it's not going to be available for widespread administration for several months likely so keep wearing masks, social distancing, and avoiding gatherings. we also are going to have to deal with the anti-vaxxers who won't even consider taking this vaccine :/ https://t.co/JRjxda0H8P",https://twitter.com/cole23wilson/status/1325803573490409474,Fri Nov 18 04:25:47 +0000 2011,415289151,false,registered nurse || (he/him),71627,834,445,1,"Iowa City, IA",folkcole,cole23wilson,3802,,https://www.instagram.com/cole23wilson/,false
,Tue Nov 10 17:13:35 +0000 2020,,,https://twitter.com/QueensuMedia/status/1326200455052075013,3,1326211412566355973,,,,en,,false,1326200455052075013,1,,,"<a href=""https://mobile.twitter.com"" rel=""nofollow"">Twitter Web App</a>","In the News üì∞: @skepticalIDdoc is skeptical!
Dr. Gerald Evans comments on Pfizer's early results from it's coronavirus vaccine trial, suggesting a 90 per cent efficacy rate at preventing COVID-19. https://t.co/8B8WtqLIdW",https://twitter.com/QueensuDOM/status/1326211412566355973,Tue Aug 02 15:46:10 +0000 2016,760501956184080385,false,"The Department of Medicine is proud to be a part of one of the most historic medical faculties in Canada.

For info on Queen's Dept of Med contact 613 533 6327",4639,1766,804,16,"Kingston, Ontario",Queensu DOM,QueensuDOM,2353,,http://deptmed.queensu.ca,false
,Wed Nov 18 13:49:26 +0000 2020,science vaccines COVIDAlert Covid_19 Pfizer,,https://twitter.com/edmontonjournal/status/1329057005751906305,1,1329059141189419008,,,,en,,false,1329057005751906305,1,,,"<a href=""http://twitter.com/download/iphone"" rel=""nofollow"">Twitter for iPhone</a>","üë©üèª‚Äçüî¨ This is very üíâpromising news. 

Oh and this was not üôÑüëâüèΩTrump, but a global effort with unprecedented sharing of information üß™by scientists, üß´ to develop vaccines this quickly. 

Tip of theüß¢to #science! 

#vaccines #COVIDAlert #Covid_19 #Pfizer https://t.co/J0SGdaNkf5",https://twitter.com/Don_COi/status/1329059141189419008,Thu Dec 15 19:56:57 +0000 2011,437751546,false,"Husband | Dad | Business Owner |Volunteer | Community Champion | üèíSports | üé∏Music | üç∑| Dogs üêæ| Politics | ü§îOpinions shared are üíØ% mine, not my companies.",198792,2120,1906,109,"Edmonton, AB",Don Ellis üá®üá¶üá¨üáßüá∫üá∏,Don_COi,41099,,http://backtosport.ca,false
